{
  "currentValue": 10098.9878,
  "arimaEffect": -5.9987,
  "rippleEffect": -35.00986,
  "newsEffect": -10.1119290
}